"Date","Pressure_hPa","NetRadiation_Wm-2","RH_Perc","TA_degC","GroundHeatflux_Wm-2","P1_mm","P2_mm"
2021-06-25 00:00:00,990.214,-13.834,99.919,15.495,-7.22,0,0
2021-06-25 00:10:00,990.271,-14.378,99.85,15.395,-7.021,0,0
2021-06-25 00:20:00,990.284,-13.818,99.991,15.321,-6.873,0,0
2021-06-25 00:30:00,990.172,-13.911,99.968,15.322,-6.774,0,0.1
2021-06-25 00:40:00,990.083,-15.61,99.957,15.229,-6.687,0,0
2021-06-25 00:50:00,990.125,-14.364,99.994,15.278,-6.675,0,0
2021-06-25 01:00:00,990.143,-14.497,100,15.268,-6.677,0,0
2021-06-25 01:10:00,990.133,-15.729,100,15.183,-6.681,0,0
2021-06-25 01:20:00,990.161,-14.844,100,15.157,-6.694,0,0
2021-06-25 01:30:00,990.155,-14.476,100,15.109,-6.717,0.1,0
2021-06-25 01:40:00,990.125,-14.392,100,15.101,-6.76,0,0
2021-06-25 01:50:00,990.147,-13.977,100,15.105,-6.794,0,0
2021-06-25 02:00:00,990.156,-12.693,100,15.109,-6.852,0,0
2021-06-25 02:10:00,990.094,-12.081,100,15.101,-6.85,0,0.1
2021-06-25 02:20:00,990.04,-13.184,100,15.048,-6.82,0.1,0.1
2021-06-25 02:30:00,990.039,-14.28,100,14.849,-6.848,0.1,0
2021-06-25 02:40:00,990.053,-14.301,100,14.757,-6.929,0,0.1
2021-06-25 02:50:00,989.994,-12.92,100,14.794,-7.036,0,0
2021-06-25 03:00:00,989.916,-14.014,100,14.763,-7.093,0,0
2021-06-25 03:10:00,989.872,-13.971,100,14.711,-7.151,0,0
2021-06-25 03:20:00,989.876,-14.999,100,14.679,-7.177,0,0
2021-06-25 03:30:00,989.785,-16.58,100,14.71,-7.221,0,0
2021-06-25 03:40:00,989.74,-13.424,100,14.664,-7.282,0,0
2021-06-25 03:50:00,989.749,-12.059,100,14.68,-7.354,0,0
2021-06-25 04:00:00,989.72,-12.168,100,14.644,-7.343,0.1,0
2021-06-25 04:10:00,989.625,-13.319,100,14.545,-7.31,0.1,0.1
2021-06-25 04:20:00,989.642,-13.789,100,14.444,-7.34,0,0.1
2021-06-25 04:30:00,989.659,-11.603,100,14.434,-7.382,0.1,0
2021-06-25 04:40:00,989.652,-7.244,100,14.506,-7.412,0,0
2021-06-25 04:50:00,989.582,-6.011,100,14.54,-7.354,0,0
2021-06-25 05:00:00,989.549,-6.556,100,14.464,-7.299,0,0
2021-06-25 05:10:00,989.512,-5.923,100,14.424,-7.281,0,0
2021-06-25 05:20:00,989.507,-5.134,100,14.477,-7.325,0,0
2021-06-25 05:30:00,989.431,-6.98,100,14.479,-7.179,0,0
2021-06-25 05:40:00,989.323,-2.538,100,14.428,-6.955,0,0
2021-06-25 05:50:00,989.286,6.109,100,14.524,-6.727,0.1,0.1
2021-06-25 06:00:00,989.296,16.676,100,14.74,-6.373,0,0.1
2021-06-25 06:10:00,989.374,27.706,100,14.873,-5.766,0,0
2021-06-25 06:20:00,989.364,35.477,100,15.041,-4.851,0,0
2021-06-25 06:30:00,989.48,36.36,100,15.084,-3.848,0,0
2021-06-25 06:40:00,989.6,31.257,100,15.204,-3.062,0,0
2021-06-25 06:50:00,989.594,37.766,99.923,15.141,-2.587,0,0
2021-06-25 07:00:00,989.624,58.345,99.992,15.345,-2.152,0,0
2021-06-25 07:10:00,989.665,60.009,99.357,15.469,-1.444,0,0
2021-06-25 07:20:00,989.742,54.243,98.383,15.579,-0.434,0,0
2021-06-25 07:30:00,989.798,43.326,97.6,15.576,0.323,0,0
2021-06-25 07:40:00,989.837,68.224,97.24,15.65,0.693,0,0
2021-06-25 07:50:00,989.904,97.44,97.023,15.854,0.919,0,0
2021-06-25 08:00:00,989.894,88.687,95.554,16.085,1.647,0,0
2021-06-25 08:10:00,989.934,55.74,93.699,16.3,2.454,0,0
2021-06-25 08:20:00,990.014,23.918,91.396,16.135,2.883,0,0
2021-06-25 09:00:00,990.033,183.427,87.999,17.22,3.59,0,0
2021-06-25 09:10:00,990.076,221.669,87.442,17.446,5.091,0,0
2021-06-25 09:20:00,990.074,206.802,85.47,17.959,7.883,0,0
2021-06-25 09:30:00,990.079,210.07,84.646,18.27,10.464,0,0
2021-06-25 09:40:00,990.075,197.058,82.624,18.37,12.38,0,0
2021-06-25 09:50:00,990.062,215.089,82.512,18.282,13.305,0,0
2021-06-25 10:00:00,990.041,177.696,81.776,18.347,14.063,0,0
2021-06-25 10:10:00,989.987,95.468,81.428,18.101,14.619,0,0
2021-06-25 10:20:00,989.94,71.692,83.451,17.798,13.695,0,0
2021-06-25 10:30:00,989.964,47.606,85.456,17.745,12.088,0,0
2021-06-25 10:40:00,990.029,-12.03,87.033,17.297,10.494,0.2,0.1
2021-06-25 10:50:00,989.961,32.033,90.866,16.792,8.735,0.5,0.5
2021-06-25 11:00:00,989.985,152.684,93.99,16.9,7.423,0,0
2021-06-25 11:10:00,989.911,362.819,92.466,17.555,8.544,0,0
2021-06-25 11:20:00,989.819,543.822,86.773,19.03,14.166,0,0
2021-06-25 11:30:00,989.797,591.905,79.925,20.267,24.07,0,0
2021-06-25 11:40:00,989.692,284.209,73.336,20.354,33.363,0,0
2021-06-25 11:50:00,989.718,56.079,76.142,19.586,35.857,0,0
2021-06-25 12:00:00,989.802,28.301,81.538,18.524,31.561,0,0
2021-06-25 12:10:00,989.846,193.027,82.972,18.436,25.967,0,0
2021-06-25 12:20:00,989.721,488.565,77.12,19.856,23.903,0,0
2021-06-25 12:30:00,989.72,112.542,72.511,20.486,27.562,0,0
2021-06-25 12:40:00,989.762,40.872,76.025,19.236,28.192,0,0
2021-06-25 12:50:00,989.754,90.7,77.495,18.93,24.359,0,0
2021-06-25 13:00:00,989.723,251.758,76.908,19.423,21.612,0,0
2021-06-25 13:10:00,989.599,193.695,75.58,20.032,21.982,0,0
2021-06-25 13:20:00,989.558,239.002,75.691,19.999,22.779,0,0
2021-06-25 13:30:00,989.561,637.629,74.986,21.116,23.744,0,0
2021-06-25 13:40:00,989.522,383.994,67.453,22.282,30.654,0,0
2021-06-25 13:50:00,989.55,219.032,68.761,21.204,35.458,0,0
2021-06-25 14:00:00,989.556,203.47,68.492,20.757,33.54,0,0
2021-06-25 14:10:00,989.518,619.626,63.338,21.762,31.301,0,0
2021-06-25 14:20:00,989.494,369.456,58.43,22.254,34.06,0,0
2021-06-25 14:30:00,989.38,554.104,59.08,22.434,36.147,0,0
2021-06-25 14:40:00,989.409,310.487,58.564,22.174,37.987,0,0
2021-06-25 14:50:00,989.375,423.759,60.525,22.137,37.209,0,0
2021-06-25 15:00:00,989.414,129.831,57.774,22.111,36.976,0,0
2021-06-25 15:10:00,989.45,89.266,60.842,21.079,34.936,0,0
2021-06-25 15:20:00,989.424,111.998,62.014,20.695,30.069,0,0
2021-06-25 15:30:00,989.388,195.445,61.258,20.826,26.142,0,0
2021-06-25 15:40:00,989.351,299.379,58.365,21.848,24.087,0,0
2021-06-25 15:50:00,989.354,213.828,58.113,22.028,24.794,0,0
2021-06-25 16:00:00,989.321,199.6,57.045,22.088,24.876,0,0
2021-06-25 16:10:00,989.284,242.439,56.975,22.169,24.587,0,0
2021-06-25 16:20:00,989.27,118.256,54.948,21.837,24.182,0,0
2021-06-25 16:30:00,989.246,181.273,57.382,21.482,22.417,0,0
2021-06-25 16:40:00,989.194,311.479,54.371,22.324,21.031,0,0
2021-06-25 16:50:00,989.169,236.585,51.538,22.962,21.862,0,0
2021-06-25 17:00:00,989.148,236.029,50.608,22.825,22.166,0,0
2021-06-25 17:10:00,989.167,193.639,51.191,22.773,22.183,0,0
2021-06-25 17:20:00,989.182,223.277,50.879,22.745,21.57,0,0
2021-06-25 17:30:00,989.172,209.687,49.448,22.973,21.018,0,0
2021-06-25 17:40:00,989.114,181.488,48.922,22.771,20.226,0,0
2021-06-25 17:50:00,989.166,132.525,49.144,22.339,18.666,0,0
2021-06-25 18:00:00,989.204,118.624,48.696,22.208,17.146,0,0
2021-06-25 18:10:00,989.24,91.441,50.145,21.783,15.601,0,0
2021-06-25 18:20:00,989.22,83.654,51.119,21.4,13.803,0,0
2021-06-25 18:30:00,989.271,65.981,52.777,21.314,12.037,0,0
2021-06-25 18:40:00,989.308,40.294,54.943,20.756,10.501,0,0
2021-06-25 18:50:00,989.31,76.134,55.357,20.851,9.089,0,0
2021-06-25 19:00:00,989.326,43.903,56.51,20.945,8.044,0,0
2021-06-25 19:10:00,989.411,54.11,60.287,20.388,7.008,0,0
2021-06-25 19:20:00,989.538,45.25,58.171,19.723,5.981,0,0
2021-06-25 19:30:00,989.661,20.369,67.229,19.016,4.735,0,0
2021-06-25 19:40:00,989.751,-8.58,69.301,18.032,3.369,0,0
2021-06-25 19:50:00,989.815,-18.043,75.82,17.135,1.926,0,0
2021-06-25 20:00:00,989.88,-22.568,76.191,16.458,0.416,0,0
2021-06-25 20:10:00,989.94,-21.761,77.878,16.303,-0.982,0,0
2021-06-25 20:20:00,990.032,-40.772,82.416,15.754,-2.198,0,0
2021-06-25 20:30:00,990.106,-50.026,81.92,15.005,-3.609,0,0
2021-06-25 20:40:00,990.243,-53.773,85.247,14.269,-5.402,0,0
2021-06-25 20:50:00,990.333,-55.05,84.772,13.845,-7.326,0,0
2021-06-25 21:00:00,990.376,-53.147,87.238,13.332,-9.092,0,0
2021-06-25 21:10:00,990.488,-49.83,87.55,13.074,-10.592,0,0
2021-06-25 21:20:00,990.56,-50.479,85.502,13.203,-11.79,0,0
2021-06-25 21:30:00,990.556,-52.123,84.258,13.312,-12.69,0,0
2021-06-25 21:40:00,990.62,-54.13,83.555,13.374,-13.322,0,0
2021-06-25 21:50:00,990.666,-57.384,83.078,13.252,-13.814,0,0
2021-06-25 22:00:00,990.711,-59.691,84.507,12.738,-14.357,0,0
2021-06-25 22:10:00,990.758,-55.191,87.192,12.331,-15.061,0,0
2021-06-25 22:20:00,990.837,-55.11,88.699,11.799,-15.812,0,0
2021-06-25 22:30:00,990.862,-56.841,85.12,12.161,-16.48,0,0
2021-06-25 22:40:00,990.861,-55.492,84.139,12.103,-16.842,0,0
2021-06-25 22:50:00,990.921,-54.691,85.834,11.618,-17.141,0,0
2021-06-25 23:00:00,991.029,-57.444,88.765,11.067,-17.631,0,0
2021-06-25 23:10:00,991.056,-59.652,87.897,11.037,-18.192,0,0
2021-06-25 23:20:00,991.066,-58.644,87.368,10.943,-18.666,0,0
2021-06-25 23:30:00,991.101,-56.479,87.764,10.664,-19.014,0,0
2021-06-25 23:40:00,991.183,-57.984,88.436,10.382,-19.5,0,0
2021-06-25 23:50:00,991.209,-57.647,87.308,10.468,-19.905,0,0
2021-06-26 00:00:00,991.201,-56.522,86.699,10.374,-20.192,0,0
2021-06-26 00:10:00,991.216,-55.316,86.991,10.201,-20.448,0,0
2021-06-26 00:20:00,991.26,-54.887,86.546,10.141,-20.693,0,0
2021-06-26 00:30:00,991.357,-54.561,86.653,9.947,-20.875,0,0
2021-06-26 00:40:00,991.343,-54.84,85.671,10.016,-21.008,0,0
2021-06-26 00:50:00,991.362,-53.03,87.745,9.723,-21.077,0,0
2021-06-26 01:00:00,991.379,-53.277,89.619,9.417,-21.304,0,0
2021-06-26 01:10:00,991.378,-53.917,87.961,9.524,-21.541,0,0
2021-06-26 01:20:00,991.326,-53.435,87.104,9.613,-21.752,0,0
2021-06-26 01:30:00,991.289,-52.437,87.956,9.527,-21.863,0,0
2021-06-26 01:40:00,991.303,-53.642,86.881,9.672,-21.932,0,0
2021-06-26 01:50:00,991.281,-51.644,89.365,9.351,-21.87,0,0
2021-06-26 02:00:00,991.325,-52.291,89.951,9.304,-21.991,0,0
2021-06-26 02:10:00,991.394,-51.503,89.841,9.305,-22.096,0,0
2021-06-26 02:20:00,991.412,-50.941,90.478,9.252,-22.093,0,0
2021-06-26 02:30:00,991.412,-46.679,90.406,9.315,-22.101,0,0
2021-06-26 02:40:00,991.365,-49.889,90.884,9.164,-22.096,0,0
2021-06-26 02:50:00,991.348,-49.75,92.428,8.912,-22.177,0,0
2021-06-26 03:00:00,991.296,-49.934,92.67,8.862,-22.386,0,0
2021-06-26 03:10:00,991.291,-51.035,93.936,8.554,-22.585,0,0
2021-06-26 03:20:00,991.295,-49.701,94.701,8.257,-22.785,0,0
2021-06-26 03:30:00,991.233,-48.174,96.159,8.05,-23.115,0,0
2021-06-26 03:40:00,991.238,-50.803,97.327,8.15,-23.427,0,0
2021-06-26 03:50:00,991.218,-50.8,97.328,8.349,-23.601,0,0
2021-06-26 04:00:00,991.166,-50.454,96.364,8.552,-23.536,0,0
2021-06-26 04:10:00,991.198,-48.898,95.318,8.645,-23.287,0,0
2021-06-26 04:20:00,991.232,-46.479,95.315,8.585,-23.033,0,0
2021-06-26 04:30:00,991.338,-46.321,96.368,8.767,-22.861,0,0
2021-06-26 04:40:00,991.383,-43.391,95.432,9.157,-22.593,0,0
2021-06-26 04:50:00,991.415,-37.119,94.806,9.089,-22.225,0,0
2021-06-26 05:00:00,991.511,-32.844,95.721,8.912,-21.911,0,0
2021-06-26 05:10:00,991.527,-19.925,97.108,8.893,-21.707,0,0
2021-06-26 05:20:00,991.555,-12.282,98.487,9.499,-21.449,0,0
2021-06-26 05:30:00,991.652,-5.91,97.36,10.186,-20.879,0,0
2021-06-26 05:40:00,991.739,0.804,94.447,11.02,-20.13,0,0
2021-06-26 05:50:00,991.785,10.177,91.164,11.822,-19.378,0,0
2021-06-26 06:00:00,991.729,22.801,88.989,12.429,-18.509,0,0
2021-06-26 06:10:00,991.742,59.669,86.858,13.33,-17.493,0,0
2021-06-26 06:20:00,991.747,84.123,83.829,14.16,-16.125,0,0
2021-06-26 06:30:00,991.72,84.805,80.155,14.929,-14.342,0,0
2021-06-26 06:40:00,991.796,66.671,77.571,15.127,-12.717,0,0
2021-06-26 06:50:00,991.832,83.518,78.419,15.152,-11.706,0,0
2021-06-26 07:00:00,991.811,111.844,77.8,15.288,-10.757,0,0
2021-06-26 07:10:00,991.852,134.134,75.745,15.982,-9.564,0,0
2021-06-26 07:20:00,991.901,144.093,72.643,16.504,-8.346,0,0
2021-06-26 07:30:00,991.916,153.356,71.836,16.772,-7.195,0,0
2021-06-26 07:40:00,991.931,166.027,71.313,17.179,-6.171,0,0
2021-06-26 07:50:00,991.965,226.974,70.093,17.781,-4.846,0,0
2021-06-26 08:00:00,992.026,250.475,69.4,18.232,-2.733,0,0
2021-06-26 08:10:00,992.063,268.883,68.12,18.828,-0.007,0,0
2021-06-26 08:20:00,992.068,257.627,67.261,19.335,2.798,0,0
2021-06-26 08:30:00,992.034,202.251,67.347,19.116,5.077,0,0
2021-06-26 08:40:00,992.016,236.42,67.153,19.253,6.577,0,0
2021-06-26 08:50:00,992.044,309.582,65.859,19.804,8.204,0,0
2021-06-26 09:00:00,991.926,331.578,62.831,20.31,10.862,0,0
2021-06-26 09:10:00,991.859,357.469,61.757,20.822,13.99,0,0
2021-06-26 09:20:00,991.794,367.351,59.282,21.605,16.858,0,0
2021-06-26 09:30:00,991.715,349.35,57.493,21.899,19.723,0,0
2021-06-26 09:40:00,991.716,385.443,55.817,22.425,22.604,0,0
2021-06-26 09:50:00,991.676,407.91,52.172,22.778,25.737,0,0
2021-06-26 10:00:00,991.661,433.385,52.208,23.175,28.755,0,0
2021-06-26 10:10:00,991.645,517.676,50.744,23.884,31.806,0,0
2021-06-26 10:20:00,991.608,545.857,49.72,24.333,35.249,0,0
2021-06-26 10:30:00,991.611,564.994,48.296,24.328,39.264,0,0
2021-06-26 10:40:00,991.59,484.947,47.552,24.394,42.917,0,0
2021-06-26 10:50:00,991.598,401.532,48.731,23.93,44.477,0,0
2021-06-26 11:00:00,991.595,280.686,52.188,23.01,43.338,0,0
2021-06-26 11:10:00,991.555,343.932,53.003,22.898,40.523,0,0
2021-06-26 11:20:00,991.493,325.857,53.18,22.848,39.131,0,0
2021-06-26 11:30:00,991.464,379.483,51.386,23.388,38.234,0,0
2021-06-26 11:40:00,991.397,413.857,53.509,23.438,38.913,0,0
2021-06-26 11:50:00,991.397,292.709,51.209,23.689,39.538,0,0
2021-06-26 12:00:00,991.415,276.971,51.74,23.168,38.501,0,0
2021-06-26 12:10:00,991.406,326.588,50.827,23.115,36.509,0,0
2021-06-26 12:20:00,991.424,275.15,50.868,23.159,36.052,0,0
2021-06-26 12:30:00,991.36,446.58,49.595,23.57,35.521,0,0
2021-06-26 12:40:00,991.349,366.318,49.145,23.783,37.5,0,0
2021-06-26 12:50:00,991.35,261.483,48.942,23.829,38.468,0,0
2021-06-26 13:00:00,991.335,437.908,50.703,23.693,37.415,0,0
2021-06-26 13:10:00,991.295,515.42,47.968,24.895,38.797,0,0
2021-06-26 13:20:00,991.208,718.879,45.57,25.835,43.116,0,0
2021-06-26 13:30:00,991.131,464.267,43.601,25.733,49.531,0,0
2021-06-26 13:40:00,991.081,313.885,46.328,24.618,50.596,0,0
2021-06-26 13:50:00,991.09,573.78,47.271,25.036,47.39,0,0
2021-06-26 14:00:00,991.079,581.512,45.216,25.546,48.943,0,0
2021-06-26 14:10:00,991.002,591.526,44.086,25.899,51.7,0,0
2021-06-26 14:20:00,990.909,650.724,43.419,25.758,54.181,0,0
2021-06-26 14:30:00,990.84,642.837,44.237,26.565,56.773,0,0
2021-06-26 14:40:00,990.769,333.751,44.448,26.022,58.731,0,0
2021-06-26 14:50:00,990.774,169.222,48.863,24.437,54.648,0,0
2021-06-26 15:00:00,990.702,147.785,49.819,23.9,47.107,0,0
2021-06-26 15:10:00,990.694,187.408,50.971,23.747,40.637,0,0
2021-06-26 15:20:00,990.664,220.661,50.67,24.09,36.511,0,0
2021-06-26 15:30:00,990.605,427.326,49.129,24.681,34.294,0,0
2021-06-26 15:40:00,990.536,536.008,44.884,26.419,35.677,0,0
2021-06-26 15:50:00,990.534,472.065,42.1,27.223,39.118,0,0
2021-06-26 16:00:00,990.463,484.784,41.571,27.128,41.475,0,0
2021-06-26 16:10:00,990.399,480.411,43.008,26.763,42.458,0,0
2021-06-26 16:20:00,990.362,291.453,43.693,26.264,42.001,0,0
2021-06-26 16:30:00,990.333,340.08,45.524,25.219,39.528,0,0
2021-06-26 16:40:00,990.321,353.145,45.417,25.995,36.985,0,0
2021-06-26 16:50:00,990.233,134.536,45.897,25.51,35.926,0,0
2021-06-26 17:00:00,990.172,84.67,49.887,24.009,32.406,0,0
2021-06-26 17:10:00,990.08,111.249,51.046,23.7,28.072,0,0
2021-06-26 17:20:00,989.958,109.713,52.002,23.544,24.855,0,0
2021-06-26 17:30:00,989.903,189.878,50.017,23.395,22.444,0,0
2021-06-26 17:40:00,989.811,238.641,47.854,24.512,20.655,0,0
2021-06-26 17:50:00,989.842,214.93,46.501,24.739,19.983,0,0
2021-06-26 18:00:00,989.886,132.135,47.488,24.154,19.04,0,0
2021-06-26 18:10:00,989.815,149.374,47.328,24.122,17.589,0,0
2021-06-26 18:20:00,989.718,68.224,48.83,23.545,16.195,0,0
2021-06-26 18:30:00,989.741,81.203,49.77,23.386,13.904,0,0
2021-06-26 18:40:00,989.691,71.944,48.852,23.546,11.752,0,0
2021-06-26 18:50:00,989.666,52.587,47.67,23.515,9.697,0,0
2021-06-26 19:00:00,989.696,41.558,49.167,23.305,7.778,0,0
2021-06-26 19:10:00,989.66,31.495,52.963,22.47,5.908,0,0
2021-06-26 19:20:00,989.685,30.855,59.218,20.969,4.401,0,0
2021-06-26 19:30:00,989.793,9.098,70.98,19.398,2.868,0,0
2021-06-26 19:40:00,989.865,-27.182,77.243,17.822,1.278,0,0
2021-06-26 19:50:00,989.967,-34.614,79.863,17.168,-0.37,0,0
2021-06-26 20:00:00,990.075,-37.046,81.174,16.727,-1.916,0,0
2021-06-26 20:10:00,990.115,-40.646,83.585,16.229,-3.32,0,0
2021-06-26 20:20:00,990.116,-44.664,85.308,15.597,-4.624,0,0
2021-06-26 20:30:00,990.183,-47.186,87.201,15.143,-5.911,0,0
2021-06-26 20:40:00,990.273,-47.808,86.894,15.053,-7.182,0,0
2021-06-26 20:50:00,990.4,-51.842,86.905,15.154,-8.287,0,0
2021-06-26 21:00:00,990.538,-51.804,86.879,14.909,-9.162,0,0
2021-06-26 21:10:00,990.642,-53.007,88.603,14.541,-10.031,0,0
2021-06-26 21:20:00,990.702,-54.498,87.751,14.851,-10.832,0,0
2021-06-26 21:30:00,990.743,-54.046,87.065,14.922,-11.357,0,0
2021-06-26 21:40:00,990.788,-55.747,85.171,15.121,-11.666,0,0
2021-06-26 21:50:00,990.877,-54.291,86.014,14.73,-11.953,0,0
2021-06-26 22:00:00,990.878,-53.041,86.938,14.307,-12.347,0,0
2021-06-26 22:10:00,990.8,-54.26,88.413,13.986,-12.811,0,0
2021-06-26 22:20:00,990.723,-52.989,88.063,13.791,-13.247,0,0
2021-06-26 22:30:00,990.663,-53.82,90.201,13.349,-13.727,0,0
2021-06-26 22:40:00,990.604,-53.629,89.969,13.022,-14.17,0,0
2021-06-26 22:50:00,990.585,-54.324,91.213,12.661,-14.689,0,0
2021-06-26 23:00:00,990.627,-52.437,91.609,12.247,-15.208,0,0
2021-06-26 23:10:00,990.649,-51.409,93.594,11.985,-15.813,0,0
2021-06-26 23:20:00,990.69,-51.726,93.114,11.738,-16.256,0,0
2021-06-26 23:30:00,990.809,-50.986,94.146,11.422,-16.629,0,0
2021-06-26 23:40:00,990.874,-51.467,95.366,11.266,-17.01,0,0
2021-06-26 23:50:00,990.897,-49.693,95.577,11.053,-17.362,0,0
2021-06-27 00:00:00,990.835,-47.777,96.378,10.665,-17.77,0,0
2021-06-27 00:10:00,990.846,-49.086,96.661,10.309,-18.188,0,0
2021-06-27 00:20:00,990.91,-48.367,98.74,10.471,-18.581,0,0
2021-06-27 00:30:00,990.912,-51.49,98.321,10.89,-18.795,0,0
2021-06-27 00:40:00,990.91,-48.725,97.036,10.602,-18.849,0,0
2021-06-27 00:50:00,990.914,-49.366,97.453,10.306,-19.04,0,0
2021-06-27 01:00:00,990.853,-47.077,98.013,10.227,-19.311,0,0
2021-06-27 01:10:00,990.858,-49.469,98.7,10.366,-19.536,0,0
2021-06-27 01:20:00,990.782,-49.88,97.793,10.122,-19.68,0,0
2021-06-27 01:30:00,990.759,-51.63,99.342,10.252,-19.814,0,0
2021-06-27 01:40:00,990.762,-50.672,98.182,10.272,-19.93,0,0
2021-06-27 01:50:00,990.762,-49.037,98.861,10.649,-20,0,0
2021-06-27 02:00:00,990.771,-48.966,96.353,10.402,-19.943,0,0
2021-06-27 02:10:00,990.778,-45.986,96.923,9.906,-20.029,0,0
2021-06-27 02:20:00,990.746,-46.479,97.177,9.505,-20.247,0,0
2021-06-27 02:30:00,990.696,-47.005,98.206,9.391,-20.446,0,0
2021-06-27 02:40:00,990.775,-47.909,99.012,9.482,-20.637,0,0
2021-06-27 02:50:00,990.884,-44.152,99.321,9.711,-20.72,0,0
2021-06-27 03:00:00,990.826,-43.609,99.533,9.778,-20.741,0,0
2021-06-27 03:10:00,990.801,-47.604,98.948,9.762,-20.759,0,0
2021-06-27 03:20:00,990.809,-45.099,99.631,9.577,-20.796,0,0
2021-06-27 03:30:00,990.731,-46.817,99.416,9.56,-20.848,0,0
2021-06-27 03:40:00,990.691,-46.688,99.378,9.474,-20.929,0,0
2021-06-27 03:50:00,990.78,-46.358,99.628,9.14,-21.065,0,0
2021-06-27 04:00:00,990.719,-42.919,99.997,9.433,-21.135,0,0
2021-06-27 04:10:00,990.641,-45.698,100,9.832,-21.1,0,0
2021-06-27 04:20:00,990.615,-45.314,99.775,9.594,-20.778,0,0
2021-06-27 04:30:00,990.606,-40.531,99.984,9.504,-20.603,0,0
2021-06-27 04:40:00,990.664,-35.805,99.983,9.479,-20.526,0,0
2021-06-27 04:50:00,990.644,-33.063,100,9.769,-20.4,0,0
2021-06-27 05:00:00,990.58,-29.244,100,9.971,-20.138,0,0
2021-06-27 05:10:00,990.688,-15.038,100,10.324,-19.738,0,0
2021-06-27 05:20:00,990.66,-5.946,100,11.013,-19.198,0,0
2021-06-27 05:30:00,990.554,2.465,99.977,11.477,-18.518,0,0
2021-06-27 05:40:00,990.558,8.245,99.906,11.84,-17.675,0,0
2021-06-27 05:50:00,990.503,10.781,97.963,12.84,-16.924,0,0
2021-06-27 06:00:00,990.405,-4.597,93.435,13.901,-16.276,0,0
2021-06-27 06:10:00,990.327,23.766,89.123,14.703,-15.545,0,0
2021-06-27 06:20:00,990.189,43.882,85.934,15.091,-14.535,0,0
2021-06-27 06:30:00,990.15,59.475,83.347,16.056,-13.467,0,0
2021-06-27 06:40:00,990.142,74.04,80.987,16.588,-12.349,0,0
2021-06-27 06:50:00,990.138,96.373,77.619,17.201,-11.259,0,0
2021-06-27 07:00:00,990.117,121.53,77.606,17.339,-10.033,0,0
2021-06-27 07:10:00,990.145,142.855,75.771,18.114,-8.652,0,0
2021-06-27 07:20:00,990.322,188.27,73.898,18.66,-6.965,0,0
2021-06-27 07:30:00,990.303,211.928,71.887,19.081,-5.222,0,0
2021-06-27 07:40:00,990.166,171.384,69.835,19.316,-3.299,0,0
2021-06-27 07:50:00,990.124,163.122,70.478,19.128,-1.341,0,0
2021-06-27 08:00:00,990.1,200.199,69.99,19.578,0.08,0,0
2021-06-27 08:10:00,990.053,239.643,68.225,20.192,1.747,0,0
2021-06-27 08:20:00,990.039,291.565,65.936,21.183,3.976,0,0
2021-06-27 08:30:00,990.059,365.471,63.598,22.002,6.868,0,0
2021-06-27 08:40:00,990.16,232.896,61.544,22.061,10.115,0,0
2021-06-27 08:50:00,990.214,198.092,64.69,21.35,11.632,0,0
2021-06-27 09:00:00,990.13,231.602,65.358,21.363,12.039,0,0
2021-06-27 09:10:00,990.116,261.724,61.805,22.261,13.19,0,0
2021-06-27 09:20:00,990.063,369.613,56.439,23.552,15.584,0,0
2021-06-27 09:30:00,990.036,392.657,50.85,24.65,19.078,0,0
2021-06-27 09:40:00,989.951,377.901,49.777,25.131,23.64,0,0
2021-06-27 09:50:00,989.877,373.837,49.093,25.076,27.585,0,0
2021-06-27 10:00:00,989.782,437.789,48.052,25.223,29.995,0,0
2021-06-27 10:10:00,989.823,434.238,46.714,25.552,32.968,0,0
2021-06-27 10:20:00,989.87,388.6,45.857,25.655,35.512,0,0
2021-06-27 10:30:00,989.907,426.043,46.508,25.501,36.985,0,0
2021-06-27 10:40:00,989.884,455.668,45.875,25.738,38.472,0,0
2021-06-27 10:50:00,989.776,398.685,46.101,25.574,40.054,0,0
2021-06-27 11:00:00,989.745,504.412,46.064,25.944,40.869,0,0
2021-06-27 11:10:00,989.669,541.785,43.383,26.547,43.349,0,0
2021-06-27 11:20:00,989.562,419.654,44.481,26.546,46.295,0,0
2021-06-27 11:30:00,989.468,408.071,44.071,26.04,46.527,0,0
2021-06-27 11:40:00,989.422,456.573,42.7,26.438,45.431,0,0
2021-06-27 11:50:00,989.421,544.815,42.212,26.674,45.957,0,0
2021-06-27 12:00:00,989.443,528.636,41.832,27.016,48.308,0,0
2021-06-27 12:10:00,989.402,495.474,42.531,27.157,50.338,0,0
2021-06-27 12:20:00,989.262,592.8,41.924,27.588,51.676,0,0
2021-06-27 12:30:00,989.231,594.827,39.978,27.771,53.608,0,0
2021-06-27 12:40:00,989.159,345.904,39.649,27.416,55.176,0,0
2021-06-27 12:50:00,989.216,586.519,40.997,27.016,52.77,0,0
2021-06-27 13:00:00,989.186,507.392,40.137,27.587,52.723,0,0
2021-06-27 13:10:00,989.141,534.947,38.828,27.719,52.625,0,0
2021-06-27 13:20:00,989.036,557.655,39.886,27.429,53.087,0,0
2021-06-27 13:30:00,988.948,592.706,37.352,28.096,54.126,0,0
2021-06-27 13:40:00,988.89,595.98,37.015,28.117,56.237,0,0
2021-06-27 13:50:00,988.884,133.138,37.796,26.512,55.995,0,0
2021-06-27 14:00:00,988.849,591.898,38.99,26.536,49.115,0,0
2021-06-27 14:10:00,988.759,559.264,36.627,27.671,49.336,0,0
2021-06-27 14:20:00,988.686,538.64,36.788,27.572,51.111,0,0
2021-06-27 14:30:00,988.578,542.258,37.566,27.675,51.933,0,0
2021-06-27 14:40:00,988.48,553.641,37.339,27.663,52.764,0,0
2021-06-27 14:50:00,988.466,510.067,38.321,27.712,53.061,0,0
2021-06-27 15:00:00,988.366,534.405,38.172,27.945,52.738,0,0
2021-06-27 15:10:00,988.361,342.162,38.572,27.657,52.36,0,0
2021-06-27 15:20:00,988.334,457.818,37.093,27.997,49.354,0,0
2021-06-27 15:30:00,988.326,200.499,36.383,27.069,47.169,0,0
2021-06-27 15:40:00,988.252,336.023,40.136,27.044,42.079,0,0
2021-06-27 15:50:00,988.226,141.881,37.698,26.781,39.625,0,0
2021-06-27 16:00:00,988.238,209.417,40.698,26.012,35.097,0,0
2021-06-27 16:10:00,988.167,337.169,39.15,26.998,32.342,0,0
2021-06-27 16:20:00,988.046,414.606,37.962,28.097,32.628,0,0
2021-06-27 16:30:00,987.968,195.81,38.168,27.401,33.529,0,0
2021-06-27 16:40:00,987.888,199.643,40.397,26.536,30.992,0,0
2021-06-27 16:50:00,987.793,89.845,42.505,25.63,28.073,0,0
2021-06-27 17:00:00,987.657,187.54,42.171,25.627,24.697,0,0
2021-06-27 17:10:00,987.571,160.624,41.925,25.933,22.86,0,0
2021-06-27 17:20:00,987.534,136.925,41.974,25.804,21.173,0,0
2021-06-27 17:30:00,987.53,115.76,43.281,25.428,19.312,0,0
2021-06-27 17:40:00,987.53,107.021,43.875,25.245,17.587,0,0
2021-06-27 17:50:00,987.563,93.961,46.33,25.124,16.322,0,0
2021-06-27 18:00:00,987.568,84.761,46.675,25.224,15.346,0,0
2021-06-27 18:10:00,987.553,66.655,45.931,24.829,14.311,0,0
2021-06-27 18:20:00,987.509,48.874,46.836,24.441,12.725,0,0
2021-06-27 18:30:00,987.508,31.785,47.81,24.09,11.127,0,0
2021-06-27 18:40:00,987.553,24.5,49.249,23.761,9.74,0,0
2021-06-27 18:50:00,987.626,18.339,50.84,23.435,8.572,0,0
2021-06-27 19:00:00,987.668,13.047,51.449,23.19,7.58,0,0
2021-06-27 19:10:00,987.573,6.256,51.987,22.922,6.682,0,0
2021-06-27 19:20:00,987.56,-1.29,54.597,22.56,5.726,0,0
2021-06-27 19:30:00,987.572,-4.719,54.546,22.333,4.754,0,0
2021-06-27 19:40:00,987.598,-10.698,59.1,21.974,3.89,0,0
2021-06-27 19:50:00,987.617,-13.753,63.652,21.241,3.059,0,0
2021-06-27 20:00:00,987.665,-17.678,66.885,20.687,2.146,0,0
2021-06-27 20:10:00,987.682,-21.279,70.948,20.017,1.262,0,0
2021-06-27 20:20:00,987.735,-22.9,72.734,19.342,0.354,0,0
2021-06-27 20:30:00,987.797,-23.294,74.062,18.988,-0.584,0,0
2021-06-27 20:40:00,987.882,-23.828,74.965,18.708,-1.446,0,0
2021-06-27 20:50:00,987.965,-23.719,75.232,18.632,-2.189,0,0
2021-06-27 21:00:00,988.027,-23.995,71.521,18.916,-2.737,0,0
2021-06-27 21:10:00,988.025,-26.393,69.722,19.032,-3.189,0,0
2021-06-27 21:20:00,988.047,-27.237,69.759,18.863,-3.72,0,0
2021-06-27 21:30:00,988.007,-26.233,69.512,18.772,-4.234,0,0
2021-06-27 21:40:00,987.987,-24.041,68.805,18.804,-4.636,0,0
2021-06-27 21:50:00,987.972,-26.146,70.732,18.568,-4.97,0,0
2021-06-27 22:00:00,987.935,-28.39,72.104,18.221,-5.232,0,0
2021-06-27 22:10:00,987.935,-25.725,72.024,18.214,-5.609,0,0
2021-06-27 22:20:00,987.955,-29.575,71.993,18.184,-5.882,0,0
2021-06-27 22:30:00,987.986,-29.362,72.593,18.083,-6.191,0,0
2021-06-27 22:40:00,988.044,-25.86,75.781,17.652,-6.48,0,0
2021-06-27 22:50:00,988.111,-23.621,79.872,17.112,-6.768,0,0
2021-06-27 23:00:00,988.1,-20.73,82.032,16.805,-6.971,0,0
2021-06-27 23:10:00,988.024,-17.847,79.84,17.032,-7.021,0,0
2021-06-27 23:20:00,987.944,-17.181,81.243,17.243,-6.885,0,0
2021-06-27 23:30:00,987.983,-18.351,82.241,17.035,-6.726,0,0
2021-06-27 23:40:00,987.92,-17.792,82.181,16.909,-6.72,0,0
2021-06-27 23:50:00,987.839,-18.226,79.586,16.981,-6.775,0,0
2021-06-28 00:00:00,987.891,-18.884,80.445,17.019,-6.924,0,0
2021-06-28 00:10:00,987.9,-17.195,83.353,16.732,-6.976,0,0
2021-06-28 00:20:00,987.818,-16.111,82.861,16.729,-6.99,0,0
2021-06-28 00:30:00,987.834,-15.889,83.954,16.717,-7.011,0,0
2021-06-28 00:40:00,987.794,-15.037,84.524,16.607,-7,0,0
2021-06-28 00:50:00,987.735,-14.666,84.535,16.722,-6.955,0,0
2021-06-28 01:00:00,987.633,-13.874,83.918,16.708,-6.911,0,0
2021-06-28 01:10:00,987.629,-14.921,84.787,16.818,-6.78,0,0
2021-06-28 01:20:00,987.688,-13.501,85.568,16.554,-6.723,0,0
2021-06-28 01:30:00,987.692,-14.108,83.381,16.688,-6.726,0,0
2021-06-28 01:40:00,987.608,-16.934,84.219,16.673,-6.758,0,0
2021-06-28 01:50:00,987.513,-16.917,81.033,16.751,-6.84,0,0
2021-06-28 02:00:00,987.51,-16.34,82.901,16.748,-6.88,0,0
2021-06-28 02:10:00,987.464,-20.186,84.55,16.483,-6.92,0,0
2021-06-28 02:20:00,987.367,-23.671,85.629,16.198,-7.019,0,0
2021-06-28 02:30:00,987.322,-29.471,84.51,15.982,-7.36,0,0
2021-06-28 02:40:00,987.386,-20.965,86.11,15.759,-7.848,0,0
2021-06-28 02:50:00,987.23,-30.138,81.385,16.151,-8.22,0,0
2021-06-28 03:00:00,987.293,-25.992,83.16,16.213,-8.448,0,0
2021-06-28 03:10:00,987.358,-20.529,85.953,15.836,-8.633,0,0
2021-06-28 03:20:00,987.396,-17.82,86.963,15.781,-8.659,0,0
2021-06-28 03:30:00,987.368,-18.15,89.493,15.59,-8.578,0,0
2021-06-28 03:40:00,987.105,-17.829,87.02,15.646,-8.489,0,0
2021-06-28 03:50:00,987.092,-18.857,85.231,16,-8.378,0,0
2021-06-28 04:00:00,987.128,-16.712,84.571,16.028,-8.264,0,0
2021-06-28 04:10:00,987.242,-15.759,83.713,16.172,-8.114,0,0
2021-06-28 04:20:00,987.105,-14.712,84.379,16.125,-7.989,0,0
2021-06-28 04:30:00,987.143,-13.201,84.151,16.271,-7.942,0,0
2021-06-28 04:40:00,987.19,-8.162,87.598,16.168,-7.83,0,0
2021-06-28 04:50:00,987.503,-7.661,85.478,16.225,-7.582,0,0
2021-06-28 05:00:00,987.566,-7.855,85.37,16.539,-7.38,0,0
2021-06-28 05:10:00,987.586,-4.686,85.869,16.563,-7.128,0,0
2021-06-28 05:20:00,987.538,-3.603,84.788,16.73,-6.882,0,0
2021-06-28 05:30:00,987.433,2.044,83.607,16.95,-6.742,0,0
2021-06-28 05:40:00,987.361,-0.07,83.468,17.153,-6.557,0,0
2021-06-28 05:50:00,987.357,-3.328,82.987,17.263,-6.169,0,0
2021-06-28 06:00:00,987.35,0.421,81.308,17.331,-5.847,0,0
2021-06-28 06:10:00,987.305,14.139,79.723,17.519,-5.608,0,0
2021-06-28 06:20:00,987.238,25.116,78.413,17.9,-5.216,0,0
2021-06-28 06:30:00,987.242,25.865,78.592,18.009,-4.728,0,0
2021-06-28 06:40:00,987.274,53.833,75.912,18.454,-4.256,0,0
2021-06-28 06:50:00,987.269,101.431,74.765,19.04,-3.369,0,0
2021-06-28 07:00:00,987.219,159.88,70.283,20.682,-2.013,0,0
2021-06-28 07:10:00,987.294,161.432,64.174,21.99,-0.446,0,0
2021-06-28 07:20:00,987.368,44.581,60.707,22.552,0.722,0,0
2021-06-28 07:30:00,987.439,176.273,59.629,22.598,0.922,0,0
2021-06-28 07:40:00,987.393,197.995,54.508,23.975,1.312,0,0
2021-06-28 07:50:00,987.249,226.146,51.866,24.48,2.689,0,0
2021-06-28 08:00:00,987.269,252.008,50.865,24.88,4.518,0,0
2021-06-28 08:10:00,987.202,260.222,49.718,24.9,6.564,0,0
2021-06-28 08:20:00,987.19,257.724,50.197,25.118,8.694,0,0
2021-06-28 08:30:00,987.116,301.659,49.549,25.638,10.562,0,0
2021-06-28 08:40:00,987.043,312.342,49.323,26.014,13.201,0,0
2021-06-28 08:50:00,987.039,329.276,49.185,26.202,15.794,0,0
2021-06-28 09:00:00,987.169,355.62,49.475,26.531,17.979,0,0
2021-06-28 09:10:00,987.144,352.463,49.866,26.667,20.219,0,0
2021-06-28 09:20:00,987.076,375.62,49.01,27.14,22.238,0,0
2021-06-28 09:30:00,986.97,396.492,49.223,27.168,24.025,0,0
2021-06-28 09:40:00,986.963,276.662,49.912,26.968,25.831,0,0
2021-06-28 09:50:00,986.945,286.042,51.831,26.494,25.591,0,0
2021-06-28 10:00:00,987.071,323.622,51.971,26.867,25.94,0,0
2021-06-28 10:10:00,987.226,284.026,52.536,26.61,26.861,0,0
2021-06-28 10:20:00,987.369,349.454,53.498,27.019,27.101,0,0
2021-06-28 10:30:00,987.481,311.765,52.559,27.215,28.551,0,0
2021-06-28 10:40:00,987.415,218.223,53.71,26.396,28.92,0,0
2021-06-28 10:50:00,987.373,190.426,55.719,26.215,27.349,0,0
2021-06-28 11:00:00,987.374,145.571,56.426,25.82,25.641,0,0
2021-06-28 11:10:00,987.36,107.958,58.024,25.516,23.674,0,0
2021-06-28 11:20:00,987.4,72.593,60.927,25.236,21.631,0,0
2021-06-28 11:30:00,987.423,45.087,60.656,24.849,19.701,0,0
2021-06-28 11:40:00,987.443,37.192,63.705,24.442,17.568,0,0
2021-06-28 11:50:00,987.319,38,66.626,24.141,15.66,0,0
2021-06-28 12:00:00,987.333,36.69,69.364,23.945,14.246,0,0
2021-06-28 12:10:00,987.273,44.021,73.628,23.948,13.163,0,0
2021-06-28 12:20:00,987.275,42.016,72.066,23.977,12.505,0,0
2021-06-28 12:30:00,987.316,39.363,72.722,24.026,12.082,0,0
2021-06-28 12:40:00,987.308,48.522,76.956,23.83,11.734,0,0
2021-06-28 12:50:00,987.262,74.005,76.099,23.952,11.551,0,0
2021-06-28 13:00:00,987.276,95.246,70.973,24.28,11.883,0,0
2021-06-28 13:10:00,987.246,113.67,72.363,24.654,12.538,0,0
2021-06-28 13:20:00,987.201,132.27,70.712,24.798,13.327,0,0
2021-06-28 13:30:00,987.152,118.482,68.399,25.118,14.287,0,0
2021-06-28 13:40:00,987.037,113.155,67.276,25.058,14.666,0,0
2021-06-28 13:50:00,987.064,149.747,66.395,25.044,14.761,0,0
2021-06-28 14:00:00,987.047,139.366,66.598,25.098,15.327,0,0
2021-06-28 14:10:00,987.081,126.435,64.657,25.078,15.799,0,0
2021-06-28 14:20:00,987.062,106.232,64.492,24.99,15.985,0,0
2021-06-28 14:30:00,986.928,51.681,65.344,24.608,15.531,0,0
2021-06-28 14:40:00,986.78,43.839,66.119,24.052,14.185,0,0
2021-06-28 14:50:00,986.83,59.01,67.273,23.966,12.622,0,0
2021-06-28 15:00:00,986.824,77.642,68.41,24.272,11.918,0,0
2021-06-28 15:10:00,986.728,269.947,67.021,24.855,12.042,0,0
2021-06-28 15:20:00,986.641,302.603,61.43,26.606,15.059,0,0
2021-06-28 15:30:00,986.637,107.442,61.359,26.176,18.909,0,0
2021-06-28 15:40:00,986.571,115.018,63.919,25.578,18.376,0,0
2021-06-28 15:50:00,986.531,67.45,64.109,25.425,17.534,0,0
2021-06-28 16:00:00,986.498,38.74,66.67,25.057,16.372,0,0
2021-06-28 16:10:00,986.473,35.266,68.83,24.749,14.833,0,0
2021-06-28 16:20:00,986.396,35.613,70.347,24.582,13.415,0,0
2021-06-28 16:30:00,986.173,87.165,72.662,24.549,12.571,0,0
2021-06-28 16:40:00,986.016,110.418,68.596,25.045,12.918,0,0
2021-06-28 16:50:00,985.862,124.922,68.841,25.592,13.845,0,0
2021-06-28 17:00:00,985.754,236.183,65.015,26.286,15.092,0,0
2021-06-28 17:10:00,985.714,345.217,58.904,27.907,17.689,0,0
2021-06-28 17:20:00,985.74,137.385,56.017,28.353,21.065,0,0
2021-06-28 17:30:00,985.752,96.011,58.374,26.828,21.211,0,0
2021-06-28 17:40:00,985.714,93.537,60.509,26.445,19.652,0,0
2021-06-28 17:50:00,985.635,30.46,62.788,25.793,18.296,0,0
2021-06-28 18:00:00,985.572,31.789,65.305,25.246,15.99,0,0
2021-06-28 18:10:00,985.465,31.277,66.512,25.008,14.294,0,0
2021-06-28 18:20:00,985.302,31.616,67.054,24.801,13.206,0,0
2021-06-28 18:30:00,985.237,29.72,67.412,24.558,12.26,0,0
2021-06-28 18:40:00,985.221,15.796,68.831,24.334,11.321,0,0
2021-06-28 18:50:00,985.085,-1.467,71.09,23.904,10.308,0,0
2021-06-28 19:00:00,985.21,-7.39,76.378,23.187,9.078,0,0
2021-06-28 19:10:00,985.117,-8.722,79.393,22.381,7.791,0,0
2021-06-28 19:20:00,985.053,-10.686,79.593,22.198,6.598,0,0
2021-06-28 19:30:00,985.807,-13.383,81.293,21.876,5.501,0,0
2021-06-28 19:40:00,986.595,-46.731,78.231,21.928,4.549,0,0
2021-06-28 19:50:00,987.108,-136.63,77.262,21.025,3.213,0.4,0.4
2021-06-28 20:00:00,987.081,-48.062,85.669,18.474,1.092,0.3,0.2
2021-06-28 20:10:00,986.898,-42.529,90.203,17.444,-0.713,0.1,0.2
2021-06-28 20:20:00,986.658,-40.407,91.56,17.246,-1.9,0.1,0.1
2021-06-28 20:30:00,987.016,-33.435,92.926,17.2,-2.641,0.1,0.1
2021-06-28 20:40:00,986.654,-40.324,93.765,17.049,-4.026,1.7,1.6
2021-06-28 20:50:00,986.086,-40.221,94.743,16.902,-8.991,0.2,0.2
2021-06-28 21:00:00,986.475,-35.747,95.366,16.886,-9.053,0,0
2021-06-28 21:10:00,986.795,-33.143,95.771,16.87,-8.122,0.1,0
2021-06-28 21:20:00,986.52,-36.324,96.319,16.83,-7.409,0,0
2021-06-28 21:30:00,986.319,-31.071,96.881,16.74,-7.149,0,0
2021-06-28 21:40:00,986.299,-32.259,97.508,16.667,-7.054,0,0
2021-06-28 21:50:00,986.214,-33.977,97.709,16.607,-7.046,0,0
2021-06-28 22:00:00,985.969,-42.103,98.002,16.495,-7.117,0,0
2021-06-28 22:10:00,985.895,-43.647,97.982,16.274,-7.431,0,0
2021-06-28 22:20:00,985.963,-41.427,98.661,16.074,-7.917,0,0
2021-06-28 22:30:00,985.951,-37.793,99.179,16.081,-8.494,0,0
2021-06-28 22:40:00,986.05,-37.11,99.346,16.033,-8.93,0,0
2021-06-28 22:50:00,985.932,-32.465,99.884,16.038,-9.164,0,0
2021-06-28 23:00:00,985.845,-29.687,99.907,16.057,-9.32,0,0
2021-06-28 23:10:00,985.868,-29.988,99.959,15.855,-9.288,0,0
2021-06-28 23:20:00,985.939,-22.447,100,15.852,-9.318,0,0
2021-06-28 23:30:00,986.027,-17.076,100,16.001,-9.286,0,0
2021-06-28 23:40:00,985.89,-22.596,100,16.2,-9.027,0,0
2021-06-28 23:50:00,985.843,-25.192,100,16.153,-8.686,0,0
